year,total_evictions,total_income
2017,22522,15805050.500000002
2018,21830,18107472.78
2019,18715,13959777.59
2020,3422,3982935.13
2021,268,4429681.02
2022,5067,11604740.190000003
2023,13448,19498281.73
