year,total_income
2017,15805050.500000002
2018,18107472.78
2019,13959777.59
2020,3982935.13
2021,4429681.02
2022,11604740.190000003
2023,19498281.73
